{"learning_rate": 0.01, "iterations": 7, "weights": [0.0033665009846257092, -0.011508259418863336, -0.029514256873846942, -0.0427435359102224, -0.03244700917817175, 0.012828553228379122, -0.004946863570430807, 0.005576635160277436]}